{
    "concat": {
        "ACTIVE_CONCAT": true,
        "babelconcat": "app",
        "namejs": "plugins",
        "namecss": "plugins",
        "namejs_core": "core",
        "namecss_core": "core",
        "js_core": [
            "bower_components/Modernizr/modernizr.custom.js",
            "node_modules/jquery/dist/jquery.js",
            "node_modules/popper.js/dist/umd/popper.js",
            "node_modules/bootstrap/dist/js/bootstrap.js",
            "bower_components/swiper/dist/js/swiper.min.js",
            "plugins/sliderrevolution/examples/rs-plugin/js/jquery.themepunch.plugins.min.js",
            "plugins/sliderrevolution/examples/rs-plugin/js/jquery.themepunch.revolution.min.js",
            "bower_components/k-responsive-menu/dist/js/k-responsive-menu.min.js",
            "bower_components/moment/min/moment.min.js",
            "bower_components/offline/offline.min.js",
            "bower_components/lodash/dist/lodash.min.js",
            "bower_components/fancybox/dist/jquery.fancybox.min.js"
        ],
        "css_core": [
            "bower_components/k-responsive-menu/dist/css/k-responsive-menu.min.css",
            "bower_components/swiper/dist/css/swiper.min.css",
            "bower_components/animate.css/animate.css",
            "bower_components/offline/themes/offline-theme-default.css",
            "bower_components/offline/themes/offline-language-english.css",
            "node_modules/@fortawesome/fontawesome-free/css/all.min.css",
            "bower_components/mdi/css/materialdesignicons.min.css",
            "bower_components/linearicons/dist/web-font/style.css",
            "bower_components/fancybox/dist/jquery.fancybox.min.css"
        ],
        "js": [
            "bower_components/owl.carousel/dist/owl.carousel.min.js",
            "bower_components/k-gmaps/dist/js/kmaps.js",
            "bower_components/bootstrap-validator/dist/validator.min.js",
            "bower_components/select2/dist/js/select2.full.min.js",
            "bower_components/lightgallery/dist/js/lightgallery-all.min.js",
            "bower_components/slick-carousel/slick/slick.min.js",
            "bower_components/jquery.scrollbar/jquery.scrollbar.min.js",
            "bower_components/bootstrap-datepicker/dist/js/bootstrap-datepicker.min.js",
            "bower_components/elevatezoom/jquery.elevatezoom.js",
            "bower_components/bootstrap-touchspin/dist/jquery.bootstrap-touchspin.min.js",
            "bower_components/seiyria-bootstrap-slider/dist/bootstrap-slider.min.js",
            "bower_components/freewall/freewall.js"
        ],
        "css": [
            "bower_components/select2/dist/css/select2.min.css",
            "bower_components/lightgallery/dist/css/lightgallery.min.css",
            "bower_components/lightgallery/dist/css/lg-transitions.min.css",
            "node_modules/awesome-bootstrap-checkbox/awesome-bootstrap-checkbox.css",
            "bower_components/slick-carousel/slick/slick.css",
            "bower_components/jquery.scrollbar/jquery.scrollbar.css",
            "bower_components/slick-carousel/slick/slick-theme.css",
            "bower_components/seiyria-bootstrap-slider/dist/css/bootstrap-slider.min.css",
            "bower_components/bootstrap-touchspin/dist/jquery.bootstrap-touchspin.min.css",
            "bower_components/bootstrap-datepicker/dist/css/bootstrap-datepicker.standalone.css",
            "bower_components/owl.carousel/dist/assets/owl.carousel.min.css",
            "bower_components/owl.carousel/dist/assets/owl.theme.default.css"
        ]
    }
}
